hotelId,name,proximityDistance,guestRating,freeCancellation,shortDescription
537268,Rosewood London,1.33,4.8,True,Rosewood London is centrally located; just a few minutes’ walk from the theater district; the Royal Opera House; or the shops and entertainment of Covent Garden.
18561,The Kensington Hotel,3.88,4.5,False,Located in South Kensington; this luxury hotel is within a 15-minute walk of Natural History Museum; Imperial College London; and Royal Albert Hall. Harrods and Kensington Palace are also within 1 mi (2 km).
28146,The Ritz London,0.97,4.6,True,This seven-story London hotel is centrally located in the West End by Royal Green Park; 500 yards from Buckingham Palace; and less than 5 minutes on foot from Piccadilly Circus. Situated between the bustling areas of Knightsbridge and Mayfair; The Ritz London is surrounded by luxury boutiques; restaurants; and iconic attractions.
21688,K+K Hotel George London,4.96,4.4,False,Built in 1897 as terrace homes; this hotel in London's Earls Court residential district is three blocks from Kensington High Street and four blocks from Holland Park.
8466215,Mondrian London,1.45,4.6,False,Located in London City Centre; this luxury hotel is within a 10-minute walk of Royal National Theatre; Tate Modern; and Southbank Centre. London Eye and St. Paul's Cathedral are also within 15 minutes.
15246530,Apartment Wharf - Discovery Dock West,7.53,0.0,False,Located in Canary Wharf; this apartment is within 3 mi (5 km) of Cutty Sark; Tower of London; and Royal Observatory. Greenwich Park and Excel Exhibition Centre are also within 3 mi (5 km).
20098,Four Seasons Hotel London at Park Lane,1.59,4.9,True,This family-friendly London hotel is located in a shopping district; within 1 mi (2 km) of Diana Memorial Fountain; Buckingham Palace; and Harrods. Selfridges and Marble Arch are also within 1 mi (2 km).
5169,Amba Hotel Charing Cross,0.23,4.9,False,Located in Soho; this hotel is within a 5-minute walk of St. Martin-in-the-Fields; Trafalgar Square; and National Gallery. Nelson's Column and London Coliseum are also within 5 minutes.
3849185,Corinthia Hotel London,0.25,4.9,True,Located in London City Centre; this luxury hotel is within a 5-minute walk of Nelson's Column and St. Martin-in-the-Fields. London Eye and London Dungeon are also within 10 minutes.
8563,Taj 51 Buckingham Gate  Suites and Residences,1.18,4.8,True,This 5-star London townhouse hotel is within walking distance to Buckingham Palace; Westminster Cathedral; and the James Park Tube Station. Big Ben is also about a 5-minute walk away.
20515,The Westbourne Hyde Park,3.52,4.6,False,Located in London City Centre; this hotel is within a 15-minute walk of Kensington Gardens and Hyde Park. Royal Albert Hall and Imperial College London are also within 1 mi (2 km).
10939,The Grosvenor Hotel,1.76,4.2,False,Located in London City Centre; this hotel is within a 15-minute walk of Victoria Palace Theatre; Buckingham Palace; and St. James Park. Big Ben and Harrods are also within 1 mi (2 km).
4836998,Apex Temple Court Hotel,1.50,4.7,False,Located in London City Centre; this hotel is within a 10-minute walk of St. Paul's Cathedral; King's College London; and Old Bailey. London Bridge and London Stock Exchange are also within 1 mi (2 km).
3113039,Park Plaza Westminster Bridge London,1.02,4.4,False,This fantastic new hotel is located on the South Bank; near London Eye. Waterloo and Westminster stations are within 5 minutes walk; making easier to travel and ideal choice for city break or business trip.
4944634,The Ampersand Hotel,3.62,4.6,True,Located in South Kensington; this luxury hotel is within a 10-minute walk of Natural History Museum and Imperial College London. Harrods and Royal Albert Hall are also within 15 minutes.
25926,The Royal Horseguards,0.29,4.5,False,Located in London City Centre; this luxury hotel is within a 10-minute walk of Nelson's Column; Big Ben; and London Eye. St. Martin-in-the-Fields and Trafalgar Square are also within 10 minutes.
47581,Millennium Hotel London Mayfair,1.65,4.0,False,Being a truly welcoming and peaceful hotel in London Mayfair; this 18th century haven is situated overlooking the lush Grosvenor Square. The boutiques and shops of Bond & Oxford streets are a 5 minute walk away
1217618,Apex City Of London Hotel,3.38,4.6,False,This large; contemporary building is located in The City; 400 metres from the Tower of London; Tower Bridge and 750 metres from the Bank of England.
447050,Citadines Trafalgar Square London,0.22,4.2,False,This 1935 building is set in a tranquil location across from Whitehall Gardens; 2 blocks from Trafalgar Square and the National Gallery; and a quarter-mile from London's West End.
523228,Millennium Gloucester Hotel London Kensington,4.13,3.9,False,This is a large modern hotel set in exclusive South Kensington; 50 metres from Gloucester Road London Underground station with access to the Piccadilly line; and adjacent to the Millennium Conference Centre.
201089,Fraser Suites Queens Gate,3.92,4.2,False,Located in South Kensington; this aparthotel is within a 10-minute walk of Natural History Museum and Victoria and Albert Museum. Royal Albert Hall and Harrods are also within 1 mi (2 km).
436250,St. Ermins Hotel  Autograph Collection,1.09,4.6,False,Once a monastery; this newly refurbished hotel is set on a side street 1 block from Westminster Abbey and the Houses of Parliament. Buckingham Palace; St. James Park; and the London Eye are within walking distance.
12084011,The Nadler Victoria,1.40,4.6,False,This family-friendly London hotel is located in the historical district; within a 10-minute walk of Victoria Palace Theatre and Buckingham Palace. St. James Park and The Mall are also within 15 minutes.
2276,The Chesterfield Mayfair,1.33,4.7,False,Located in London City Centre; this hotel is within a 15-minute walk of Buckingham Palace; Selfridges; and London Palladium Theatre. St. James Park and Piccadilly Circus are also within 15 minutes.
470865,St Martins Lane,0.32,4.5,False,Located in the West End theater district; this dramatically designed boutique hotel is next to the London Coliseum; home of the English National Opera. Covent garden and Trafalgar Square are a short walk away.
7606,The May Fair,1.10,4.3,False,Set just off the ever-fashionable Piccadilly; this contemporary hotel is located in the central London district which gives the hotel its name; 600 metres from the focal point of Piccadilly Circus.
179,The Strand Palace Hotel,0.60,4.0,False,Located in Soho; this eco-friendly hotel is within a 5-minute walk of Covent Garden and King's College London. Royal Opera House and London Coliseum are also within 10 minutes.
523223,The Bailey's Hotel London,4.07,4.2,False,Built in 1876; this imposing red-brick hotel is opposite Gloucester Road London Underground station in the cosmopolitan area of Kensington; just a few blocks from Kensington Palace.
116041,Kingsway Hall Hotel,1.09,4.3,False,This contemporary London hotel with a classical façade is located two blocks from Covent Garden and within walking distance of the British Museum and West End theaters; and close to shopping and dining options.
7528,InterContinental London Park Lane,1.59,4.6,False,Located in Mayfair neighborhood of London; the InterContinental London Park Lane is close to Buckingham Palace and Westminster Cathedral.
25875,Thistle Trafalgar Square Hotel,0.25,4.3,False,Located in Soho; this hotel is steps from Her Majesty's Theatre; National Gallery; and Trafalgar Square. Leicester Square and Nelson's Column are also within 5 minutes.
582514,St. James' Court  A Taj Hotel  London,1.18,4.4,False,Buckingham Palace; Westminster Cathedral; and Big Ben are among the many popular attractions within 0.8 km (0.5 mi) of this central London hotel. Victoria Station is a 7-minute walk. St. James' Park and Hyde Park are close by.
25578,Grosvenor House  A JW Marriott Hotel,1.95,4.4,False,Centrally located on London's exclusive Park Lane; this luxurious property is near Hyde Park Speakers' Corner; Buckingham Palace and Marble Arch.
574158,Westbury Mayfair Hotel,1.13,3.9,False,Set in the lively Bond Street shopping area; this luxury hotel is one block from Savile Row; three blocks from Piccadilly Circus; and two kilometres from Buckingham Palace.
1144039,Hotel Indigo London-Paddington,3.32,4.4,False,Located in London City Centre; this hotel is within a 15-minute walk of Hyde Park and Kensington Gardens. Selfridges and Royal Albert Hall are also within 1 mi (2 km).
3872807,Studios 2 Let Serviced Apartments - Cartwright Gardens,2.14,3.9,True,Located in London City Centre; this apartment is within a 10-minute walk of British Library and University of London. Russell Square and The British Museum are also within 1 mi (2 km).
438636,Rocco Forte Brown's Hotel,1.01,4.6,True,This historic London hotel is within a block of Bond Street shopping. Buckingham Palace; Trafalgar Square; and Piccadilly Circus are one kilometer away.
9745,The Rembrandt,3.21,4.3,False,Edwardian London hotel situated in affluent Knightsbridge; opposite the Victoria and Albert Museum; 500 metres from Harrods and three miles from the West End.
4735824,Club Quarters Lincoln's Inn Fields,1.16,4.5,True,Located in Soho; this hotel is within a 10-minute walk of Royal Opera House; King's College London; and Covent Garden. The British Museum and Russell Square are also within 15 minutes.
856595,Sofitel London St James,0.34,4.7,False,Set in the heart of London; this heritage hotel is surrounded by famous attractions such as Her Majesty's Theatre; Admiralty Arch; and Trafalgar Square. Piccadilly Circus; Buckingham Palace; and Big Ben are nearby.
21659,The Cumberland,2.27,3.8,False,Located in London City Centre; this luxury hotel is within a 10-minute walk of Marble Arch and Selfridges. Harrods and Hyde Park are also within 1 mi (2 km).
11196,The Stafford London,0.90,4.7,True,Located in London City Centre; this luxury hotel is within a 10-minute walk of Buckingham Palace and St. James Park. The Mall and Her Majesty's Theatre are also within 15 minutes.
1585328,The Grand at Trafalgar Square,0.14,4.3,True,Restored Victorian hotel built in 1887 and situated just off Trafalgar Square in the centre of London; the National Gallery; Covent Garden and theatre district are all within three blocks walk.Charing Cross metro station is just few steps away.
598182,Hilton London Paddington,3.43,4.1,False,Adjacent to Paddington Station; just 15 minutes from Heathrow airport via the Heathrow Express and with four London Underground lines on our doorstep — Circle; Hammersmith & City; District; and Bakerloo — this hotel remains one of the best-connected hotels in the capital.
7082613,South Place Hotel,3.12,4.7,False,Located in London City Centre; this luxury hotel is within a 15-minute walk of Barbican Arts Centre; The Gherkin; and Museum of London. St. Paul's Cathedral and Tower of London are also within 1 mi (2 km).
4661230,Conrad London St. James,0.97,4.7,True,Located in former Queen Anne’s Chambers; Conrad London St. James is a luxury hotel; minutes from the Big Ben; Westminster Abbey and Buckingham Palace. St. James’s Park Underground Station is less than a minute from the hotel; offering guests easy access to the whole city.
888830,London House Hotel,4.34,4.0,False,This modern; London townhouse hotel is located in a residential area minutes from Hyde Park and Notting Hill; and within walking distance to Bayswater tube station and Paddington tube station; terminal of the Heathrow express.
54987,Royal Garden Hotel,4.25,4.4,False,1960s-built London hotel located on bustling Kensington High Street; 55 yards from Kensington Palace and Gardens and Hyde Park.
1584661,Club Quarters Hotel  Trafalgar Square,0.14,4.2,True,Located in the heart of London; this hotel is within walking distance of Benjamin Franklin House; Trafalgar Square; and Nelson's Column. Also nearby are Big Ben and St. Martin-in-the-Fields.
28126,Caesar Hotel,3.85,3.9,False,This glossy hotel is a three-street walk from London's Hyde Park and just 1.5 kilometres from both Oxford Street and the Victoria & Albert Museum; Knightsbridge is 2.5 kilometres away.
425849,London Marriott Hotel Grosvenor Square,1.70,4.0,False,Located on the West End in London's Mayfair district; the chic hotel is blocks from Park Lane; Hyde Park; and Oxford and Bond streets. Buckingham Palace and Covent Garden Market are within 2 km (1 mi).
1058226,Ace Hotel London Shoreditch,4.01,4.3,True,This London hotel is near Old Spitalfields Market; The Gherkin; the Tower of London; the Bank of England Museum; the London Stock Exchange; and St. Paul's Cathedral. The hotel is located in the historic Shoreditch neighborhood; a hub for galleries; theatres; and fashion;  and the home of Brick Lane Market as well as many of London’s major financial institutions and technology firms.
13891,The Cavendish London,0.73,4.4,False,This contemporary hotel is located on Jermyn Street; St James; in the heart of Piccadilly. The Theatreland district; Leicester Square; and Mayfair are 700 metres away.
582065,Novotel London Tower Bridge,3.51,4.4,False,This family-friendly London hotel is located in the business district; within a 10-minute walk of Tower of London and The Gherkin. London Bridge and Tower Bridge are also within 15 minutes.
1038731,Crowne Plaza London - The City,1.67,4.3,False,Located in London City Centre; this hotel is within a 10-minute walk of St. Paul's Cathedral; Old Bailey; and London Stock Exchange. King's College London and Tate Modern are also within 15 minutes.
62755,The Nadler Kensington,4.59,4.6,False,Located in South Kensington; this hotel is within 2 mi (3 km) of Natural History Museum; Imperial College London; and Royal Albert Hall. Harrods and Kensington Palace are also within 2 mi (3 km).
1457972,Grange St. Paul's,2.06,4.3,True,Located in London City Centre; this luxury hotel is within a 5-minute walk of St. Paul's Cathedral and London Stock Exchange. Old Bailey and Globe Theatre are also within 10 minutes.
21208,The Dorchester Hotel,1.73,4.8,True,Located in London City Centre; this luxury hotel is within a 15-minute walk of Marble Arch; Selfridges; and Buckingham Palace. Harrods and London Palladium Theatre are also within 1 mi (2 km).
4883915,ME London,0.81,4.5,False,Located in Soho; this luxury hotel is within a 10-minute walk of King's College London; Covent Garden; and Royal Opera House. London Coliseum and St. Martin-in-the-Fields are also within 10 minutes.
528337,The Rubens At The Palace,1.47,4.4,True,Located in London City Centre; this eco-friendly hotel is within a 10-minute walk of Victoria Palace Theatre and Buckingham Palace. St. James Park and The Mall are also within 15 minutes.
5349114,Hotel Café Royal,0.64,4.4,True,This family-friendly London hotel is located in the historical district; within a 10-minute walk of Piccadilly Circus; Leicester Square; and Her Majesty's Theatre. London Palladium Theatre and Trafalgar Square are also within 10 minutes.
2156327,Novotel London Paddington,4.01,4.4,False,Located in London City Centre; this hotel is within 1 mi (2 km) of Diana Memorial Playground and Lord's Cricket Ground. Selfridges and Royal Albert Hall are also within 2 mi (3 km).
447037,Citadines Apart'hotel Holborn-Covent Garden London,1.30,4.1,False,Just a five-minute walk from Covent Garden; this London hotel is surrounded by shops; restaurants and pubs; galleries; and a converted 19th century market. Piccadilly Circus is 1.5 km away.
19058,London Marriott Hotel County Hall,0.95,4.4,False,This grand historic hotel is situated in central London; right on the South Bank; Big Ben is opposite and the London Eye is 50 metres away.
455821,COMO Metropolitan London,1.58,4.6,False,This chic London hotel is situated on Park Lane overlooking Hyde Park; three blocks from Bond Street shops and Buckingham Palace; and five blocks from the West End's theatres.
559690,Club Quarters Hotel  St. Paul's,1.96,4.3,True,Located in the courtyard of historic Stationers Hall; this club-like hotel is within walking distance of the Tate Modern; the Museum of London; and Millennium Bridge.
518026,Lancaster London,3.31,4.2,True,This 18-storey <strong>London hotel</strong> stands on the edge of Hyde Park; offering a breathtaking view and lies a 5-minute walk from Paddington Underground Station; West End theaters and Knightsbridge shopping are less than 1 mile away. The Lancaster London also stands opposite Kensington Gardens - cross the gardens to reach the Royal Albert Hall.
201170,Best Western Victoria Palace,2.00,3.7,False,Located in London City Centre; this hotel is within 2 mi (3 km) of Victoria Palace Theatre; Buckingham Palace; and Big Ben. Tate Britain and Sloane Square are also within 1 mi (2 km).
431650,Andaz London Liverpool Street,3.37,4.6,False,Adjacent to Liverpool Street Station; Andaz Liverpool Street is ideally positioned for guests to explore London’s East End and its art galleries; boutiques; markets; and nightlife while still being within walking distance of the historic center.
3977996,DoubleTree by Hilton Hotel London -Tower of London,3.44,4.5,False,Located in London City Centre; this hotel is within a 10-minute walk of Tower of London and The Gherkin. London Bridge and Tower Bridge are also within 15 minutes.
49091,The Egerton House Hotel,3.01,5.0,True,Located in London City Centre; this luxury hotel is within a 10-minute walk of Harrods; Imperial College London; and Natural History Museum. Royal Albert Hall and Saatchi Gallery are also within 1 mi (2 km).
26145,Copthorne Tara Hotel London Kensington,4.52,3.8,False,Copthorne Tara Hotel London Kensington is located just off High Street Kensington and offers easy access to the shops and restaurants of Kensington; Knightsbridge and Notting Hill.
4278,The London EDITION,1.19,4.6,False,This family-friendly London hotel is located in the entertainment district; within a 10-minute walk of BT Tower and London Palladium Theatre. Leicester Square and Piccadilly Circus are also within 15 minutes.
1348282,The Park City Grand Plaza Kensington,4.46,4.3,False,Located in South Kensington; this hotel is within a 15-minute walk of Natural History Museum and Kensington Palace. Imperial College London and Royal Albert Hall are also within 1 mi (2 km).
21364,The Connaught,1.53,4.8,True,Located in London City Centre; this family-friendly London hotel is within a 15-minute walk of Selfridges; London Palladium Theatre; and Marble Arch. Buckingham Palace and Harrods are also within 1 mi (2 km).
914179,DoubleTree by Hilton Hotel London - Westminster,1.59,4.3,True,Located in London City Centre; this hotel is within a 15-minute walk of Tate Britain; Big Ben; and Houses of Parliament. Parliament Square and Westminster Abbey are also within 15 minutes.
8035714,Shangri La Hotel At The Shard London,2.83,4.7,True,Set in London’s iconic Shard building; this luxury hotel is 5 minutes’ walk from the historic Borough Market and within 20 minutes of landmarks such as St Paul’s Cathedral and the Tower of London. London Bridge station is a 6-minute walk.
15411328,Devonshire Club & Hotel,3.52,4.7,True,Located in London City Centre; this luxury hotel is within a 15-minute walk of The Gherkin; Tower of London; and Royal Exchange. London Bridge and St. Paul's Cathedral are also within 1 mi (2 km).
25596,Holiday Inn London Mayfair,1.03,4.0,False,Located in London City Centre; this hotel is within a 10-minute walk of Piccadilly Circus and Buckingham Palace. St. James Park and London Palladium Theatre are also within 15 minutes.
2651,Park International Hotel,4.31,3.9,False,Located in upscale South Kensington; this London hotel is 3 blocks from Kensington High Street; and within 2 km. of Hyde Park; Harrods department store; and the Victoria and Albert Museum.
9732709,The Beaumont,1.79,4.9,True,Located in London City Centre; this luxury hotel is within a 10-minute walk of Selfridges and Marble Arch. Buckingham Palace and London Palladium Theatre are also within 1 mi (2 km).
62766,The Belgrave,2.06,4.3,False,Located in London City Centre; this hotel is within a 15-minute walk of Victoria Palace Theatre and Tate Britain. Buckingham Palace and Big Ben are also within 1 mi (2 km).
10430,The Athenaeum Hotel & Residences,1.41,4.4,False,Intimate and sophisticated; the fabulous 5-star Athenaeum Hotel & Residences is your home-away-from-home in Mayfair; central London. You're opposite Royal Parks and Buckingham Palace; just down the road from national museums and galleries; and close to world-renowned shops and theaters.
3907784,St. Pancras Renaissance Hotel London,2.42,4.3,False,This luxury hotel is located in the heart of London; walking distance from British Library and King's Cross. Also nearby are Russell Square and Trafalgar Square.
2023296,Megaro Hotel,2.51,4.4,False,Located in London City Centre; this hotel is within 1 mi (2 km) of KoKo London; British Library; and University of London. Russell Square and The British Museum are also within 1 mi (2 km).
535667,Pullman London St Pancras,2.36,4.5,False,Located in London City Centre; this hotel is within a 15-minute walk of British Library and University of London. Russell Square and The British Museum are also within 1 mi (2 km).
84047,DoubleTree by Hilton London - Islington,2.98,4.2,False,This modern; family-friendly hotel is a convenient base for exploring London; located in Islington; near the Angel Tube Station and a short distance from transportation hubs Underground; King's Cross; and St. Pancras rail.
115923,One Aldwych,0.75,4.7,False,Occupying a handsomely updated Edwardian building; this Covent Garden hotel is 0.2 kilometers (0.1 miles) from the Royal Opera House and 0.8 kilometers (0.5 miles) from Trafalgar Square. Several shops; restaurants; galleries and West End theaters are within a short walk.
18773,London Marriott Hotel Kensington,4.49,4.3,False,Located in South Kensington; this eco-friendly hotel is within 1 mi (2 km) of Diana Memorial Playground; Imperial College London; and Royal Albert Hall. Harrods and Natural History Museum are also within 1 mi (2 km).
27158,The Savoy  A Fairmont Managed Hotel,0.57,4.7,True,This legendary hotel is positioned on the banks of the Thames; in the heart of the theater district and an easy walk to the designer shops of Knightsbridge and Mayfair.
15118004,Park Plaza London Waterloo,1.47,4.9,False,Located in London City Centre; this hotel is within a 15-minute walk of Imperial War Museum; London Eye; and London Dungeon. Sea Life London Aquarium and Southbank Centre are also within 15 minutes.
527482,The Royal Park Hotel,3.46,4.4,False,This London hotel is close to Kensington Palace; Notting Hill; and Hyde Park. Paddington Station for the Heathrow Express and Lancaster Gate for the Central line are 2 minutes away.
528338,Washington Mayfair Hotel,1.26,3.7,False,Located in London City Centre; this hotel is within a 15-minute walk of Buckingham Palace; St. James Park; and Piccadilly Circus. London Palladium Theatre and The Mall are also within 15 minutes.
21352,Dukes Hotel,0.84,4.4,False,Located in St. James's; this central London hotel is less than 1 kilometre (less than 1 mile) from Spencer House; St. James's Palace; Buckingham Palace; and Trafalgar Square. Westminster Abbey and Big Ben are w
9236409,M by Montcalm Shoreditch London Tech City,3.49,4.3,True,Located in London City Centre; this luxury hotel is within 2 mi (3 km) of Barbican Arts Centre; St. Paul's Cathedral; and London Bridge. Museum of London and Royal Exchange are also within 1 mi (2 km).
8171297,Ham Yard Hotel,0.62,4.8,True,Located in Soho; this luxury hotel is within a 5-minute walk of Piccadilly Circus; Her Majesty's Theatre; and Leicester Square. Nelson's Column and Trafalgar Square are also within 10 minutes.
2479,The Tower Hotel,3.74,4.1,False,Located in Wapping; this hotel is within a 10-minute walk of Tower Bridge; Tower of London; and HMS Belfast.
2816681,Apex London Wall Hotel,2.92,4.6,False,Located in London City Centre; this boutique hotel is within a 10-minute walk of Royal Exchange and Museum of London. London Bridge and St. Paul's Cathedral are also within 15 minutes.
801796,Park Plaza Victoria London,1.74,4.3,False,Being situated next to Victoria station makes the travel easy. Buckingham Palace and the famous Harrods are also close by. Whether your visit is for business or leisure; this hotel is the best choice for you.
847459,Collingham Serviced Apartments,4.50,4.5,False,Located in South Kensington; this apartment is within 2 mi (3 km) of Natural History Museum; Imperial College London; and Royal Albert Hall. Harrods and Kensington Palace are also within 1 mi (2 km).
578692,St. James` Hotel & Club,0.88,4.3,True,Located in London City Centre; this luxury hotel is within a 10-minute walk of Buckingham Palace and Piccadilly Circus. Her Majesty's Theatre and St. James Park are also within 15 minutes.
559689,Club Quarters Hotel  Gracechurch,3.05,4.1,True,Located on the east side of London in a historic district near the Bank of England; this business hotel is adjacent to Leadenhall Market. Nestled among churches; parks and pubs; it is just a short walk to the Tower of London; Tower Bridge and the Thames.
7281877,Cheval Three Quays,3.24,4.9,False,Located in London City Centre; this luxury apartment is within a 10-minute walk of Tower of London; London Bridge; and Tower Bridge. The Gherkin and Royal Exchange are also within 15 minutes.
115911,Ashburn Hotel,4.27,4.3,False,This boutique hotel is housed in a 19th-century London townhouse located on a side street in Kensington; 300 metres from Gloucester Road Underground station.
2605,Thistle Kensington Gardens,3.89,3.9,False,Located in London City Centre; this hotel is within a 10-minute walk of Kensington Gardens and Kensington Palace. Hyde Park and Royal Albert Hall are also within 1 mi (2 km).
3657,The Hari,2.26,4.6,False,Located in London City Centre; this boutique hotel is within a 10-minute walk of Sloane Square and Harrods. Buckingham Palace and Imperial College London are also within 1 mi (2 km).
3094,DoubleTree by Hilton London Victoria,1.84,4.1,False,Located behind Victoria train station; this contemporary London hotel is 200 metres from the Apollo Victoria Theatre and 300 metres from Westminster Cathedral.
14186,Crowne Plaza London - Kensington,4.09,4.4,False,Around the corner from a London Underground station; this hotel is within 0.5 km (0.3 mi) of the London Natural History Museum and Royal Albert Hall. Kensington Palace; Hyde Park; and Harrods are within 1.5 km.
20210,Rydges Kensington London,4.05,3.9,True,This hotel is located in London (Cromwell Road); close to London Natural History Museum; Royal Albert Hall; and Earl's Court Exhibition Centre. Also nearby are Kensington Palace and Kensington Gardens.
19024,Grange Rochester,1.61,3.9,True,Located in London City Centre; this hotel is within a 15-minute walk of Victoria Palace Theatre; Buckingham Palace; and Westminster Abbey. Tate Britain and Houses of Parliament are also within 15 minutes.
34285,Dolphin House Serviced Apartments,2.33,4.1,False,Situated along the River Thames in a residential area of Westminster; the Dolphin House Serviced Apartments is within 2 km (1.5 mi) of the Houses of Parliament; Westminster Abbey; Buckingham Palace; and Hyde Park.
1112611,The Soho Hotel,0.84,4.8,True,This trendy design hotel is set in London's bustling Soho; 200 meters from both Oxford Street and Piccadilly Circus; the Royal Opera House is 400 meters away.
10744,The Goring,1.68,4.8,True,Adjacent to Buckingham Palace; this Edwardian hotel is in London's Belgravia district; in the historical city center of London. The Royal Parks; West End; theatre and shopping districts are within walking distance. Victoria Station is 3 blocks away.
11718090,Hilton London Bankside,1.87,4.8,False,Located in London City Centre; this luxury hotel is within a 10-minute walk of Tate Modern; Globe Theatre; and Borough Market. The Shard and Tower of London are also within 2 mi (3 km).
26134,Hilton London Metropole,3.16,3.8,False,Hilton London Metropole is just 15 minutes from Heathrow by train and 10 minutes from the Eurostar terminal. Located outside the 'Congestion Charge Zone;' the hotel is 10 minutes from major shopping areas.
914263,Grand Plaza Serviced Apartments,4.41,3.7,False,Located in London City Centre; this apartment is within a 15-minute walk of Diana Memorial Playground and Kensington Palace. Royal Albert Hall and Kensington Gardens are also within 1 mi (2 km).
7989,Radisson Blu Edwardian Mercer Street Hotel,0.73,4.4,False,Located in Covent Garden's Seven Dials village; this Mercer Street hotel is on the doorstep of London's most celebrated theatres. London St. Paul's Church and Trafalgar Square are less than a kilometer away.
1183908,Park Plaza London Riverbank,1.82,4.1,False,Park Plaza London Riverbank is across the river from the Tate Britain gallery; close to Westminster. The London Eye; Houses of Parliament and Big Ben are all within easy reach. The hotel is easily approachable from Waterloo; Vauxhall and Westminster stations.
428403,Corus Hotel Hyde Park,3.49,3.6,False,Located in London City Centre; this hotel is within a 15-minute walk of Kensington Gardens and Hyde Park. Royal Albert Hall and Imperial College London are also within 1 mi (2 km).
34340,DoubleTree by Hilton Hotel London - Hyde Park,4.34,4.1,False,Located in London City Centre; this hotel is within a 10-minute walk of Diana Memorial Playground and Kensington Palace. Royal Albert Hall and Imperial College London are also within 1 mi (2 km).
888733,Luna-Simone Hotel,2.02,4.3,True,Located in London City Centre; this guesthouse is within a 15-minute walk of Victoria Palace Theatre and Tate Britain. Buckingham Palace and Big Ben are also within 1 mi (2 km).
8161,Mercure London Paddington,3.39,3.8,False,Located next to Paddington station and Heathrow Express; this hotel is within 800 metres from London's Marble Arch; Oxford Street; and Hyde Park; and within a mile of West End theatres; restaurants; and clubs.
807771,Hazlitt's Hotel,0.81,4.4,True,Situated in the Bloomsbury - Soho neighborhood; this hotel is close to Bedford Square; Trafalgar Square; and Leicester Square. Area attractions also include British Museum and Piccadilly Circus.
7681,Holiday Inn London-Kensington Forum,4.24,4.0,False,This city-centre high-rise hotel is set in West London's Kensington district just 4-minute walk from Gloucester Road metro station; one mile from Knightsbridge and Harrods and two miles from the historic Houses of Parliament.
891035,196 Bishopsgate,3.51,4.4,False,Facing Liverpool Street Station in London's financial district; this aparthotel is a short tube ride from the West End; walking distance to the River Thames; and near the Hoxton and Shoreditch districts.
5459142,Novotel London Blackfriars,1.62,4.4,False,Located in London City Centre; this family-friendly London hotel is within a 10-minute walk of Tate Modern; Globe Theatre; and Royal National Theatre. St. Paul's Cathedral and Southbank Centre are also within 15 minutes.
4190769,Grange Tower Bridge,3.97,4.5,True,Situated in London's The City neighborhood; this hotel is close to Tower of London; Tower Bridge; and St. Paul's Cathedral. Area attractions also include Big Ben and Trafalgar Square.
525490,The Pelham Hotel,3.56,4.5,False,Located in South Kensington; this luxury hotel is within a 5-minute walk of Natural History Museum and Victoria and Albert Museum. Imperial College London and Harrods are also within 15 minutes.
14736047,citizenM Tower of London,3.54,4.7,False,Located in London City Centre; this hotel is within a 10-minute walk of Tower of London; The Gherkin; and Tower Bridge. London Bridge and Royal Exchange are also within 15 minutes.
9789,Holiday Inn London Kensington,4.55,3.4,False,Occupying a 1938 building; this hotel is across the street from Kensington Gardens; two blocks from Kensington Palace; three blocks from London's Royal Albert Hall; and a short walk from the Olympia exhibition center.
16150,Radisson Blu Edwardian Hampshire Hotel,0.31,4.2,False,Surrounded by the theaters of Leicester Square; this handsome; late-Victorian building is within a block of the National Gallery and 5 blocks from London's busy Covent Garden.
5921175,Great Northern Hotel  a Tribute Portfolio Hotel  London,2.60,4.5,False,Located in London City Centre; this luxury hotel is within 1 mi (2 km) of KoKo London; British Library; and University of London. Russell Square and The British Museum are also within 1 mi (2 km).
21538,Le Meridien Piccadilly,0.61,3.6,False,Located on Piccadilly in the West End; this grand London hotel on the border of Mayfair and St. James's is two blocks from Piccadilly Circus and three blocks from Green Park.
5627,every hotel Piccadilly,0.39,4.3,False,Located in Soho; this hotel is steps from Leicester Square and Her Majesty's Theatre. Piccadilly Circus and Trafalgar Square are also within 5 minutes.
7049006,Dorsett Shepherds Bush,6.68,4.4,False,Located in Hammersmith and Fulham; this spa hotel is within 2 mi (3 km) of Westfield London Shopping Centre; Hammersmith Apollo; and Portobello Road Market. Royal Albert Hall and Imperial College London are also within 3 mi (5 km).
909545,Novotel London City South,2.25,4.2,False,Located in London City Centre; this hotel is within a 10-minute walk of Borough Market; Globe Theatre; and Tate Modern. London Bridge and St. Paul's Cathedral are also within 1 mi (2 km).
7110782,Hampton by Hilton London Waterloo,1.50,4.5,False,Located in London City Centre; this hotel is within a 10-minute walk of Imperial War Museum and Royal National Theatre. London Eye and London Dungeon are also within 15 minutes.
5029737,Hotel Indigo London - Kensington,4.65,4.6,False,Located in South Kensington; this hotel is within 2 mi (3 km) of Natural History Museum; Imperial College London; and Royal Albert Hall. Kensington Palace and Stamford Bridge Stadium are also within 1 mi (2 km).
854775,The Windermere Hotel,2.28,4.4,False,A half-mile from Victoria Station; The Windermere Hotel is within 1.5 miles of Buckingham Palace; Westminster Abbey; Saatchi Gallery; Tate Britain; St. James's Park; Downing Street; and Houses of Parliament.
26769,London Hilton on Park Lane,1.60,4.0,False,Soaring high above the city streets in the heart of Mayfair; this 5-star property is close to all that London has to offer; whether it’s musicals and theatres or world-famous landmarks like Buckingham Palace and Hyde Park.
6232954,The Nadler Soho,0.91,4.4,False,Located in Soho; this hotel is within a 10-minute walk of London Palladium Theatre; Leicester Square; and Piccadilly Circus. The British Museum and Her Majesty's Theatre are also within 15 minutes.
523756,The Milestone Hotel,4.12,4.6,True,Located in the center of London; this family-friendly hotel is within a 10-minute walk of Kensington Palace and Royal Albert Hall. Imperial College London and Kensington Gardens are also within 15 minutes.
5685761,44 Curzon Street By Mansley Serviced Apartments,1.30,4.7,True,Located in London City Centre; this apartment is within a 15-minute walk of Buckingham Palace; St. James Park; and Piccadilly Circus. London Palladium Theatre and The Mall are also within 15 minutes.
1653152,Haymarket Hotel,0.24,4.9,True,Located in Soho; this luxury hotel is steps from Her Majesty's Theatre; Trafalgar Square; and National Gallery. Nelson's Column and St. Martin-in-the-Fields are also within 5 minutes.
1742184,Park Plaza County Hall London,1.07,4.4,False,The hotel is perfectly located on the vibrant South Bank; by Westminster Bridge overlooking the River Thames and is within walking distance of many of the city’s most famous attractions including the London Eye; Big Ben and the Houses of Parliament. Being just 2 minutes away from London Waterloo station; Park Plaza County Hall London is the ideal choice for a London visit; whether it is for business or leisure.
1348046,Plaza on the River,1.82,4.4,False,This modern luxury hotel is located conveniently on the River Thames;  opposite London's Tate Britain.Waterloo;Vauxhall and Westminster underground stations are providing easy access to your destination.
5244458,citizenM London Bankside,2.06,4.6,False,Located in London City Centre; this boutique hotel is within a 10-minute walk of Tate Modern; Globe Theatre; and Borough Market. London Bridge and St. Paul's Cathedral are also within 1 mi (2 km).
5399359,ibis London Blackfriars,1.63,4.3,False,Located in London City Centre; this hotel is within a 15-minute walk of Tate Modern; Royal National Theatre; and Globe Theatre. Southbank Centre and Borough Market are also within 15 minutes.
6473,Park Plaza Sherlock Holmes London,2.50,4.0,False,Situated on Baker Street; close to Madame Tussaud`s; Regent's Park; Oxford Street`s shopping venues; and just a few tube stops from Wembley Stadium. With restaurants and bars within walking distance; whether you come to London for a city break or business this hotel is in an ideal location.
2607,Blakemore Hyde Park,3.90,4.1,False,Located in London City Centre; this hotel is within a 15-minute walk of Diana Memorial Playground; Kensington Gardens; and Kensington Palace. Royal Albert Hall and Imperial College London are also within 1 mi (2 km).
4269455,The Montcalm At Brewery London City,2.92,4.3,True,Located in London City Centre; this luxury hotel is within a 15-minute walk of Barbican Arts Centre; Museum of London; and Old Bailey. St. Paul's Cathedral and London Bridge are also within 1 mi (2 km).
3744509,Hotel Indigo London Tower Hill,3.65,4.7,False,Located in London City Centre; this boutique hotel is within a 10-minute walk of Tower of London and The Gherkin. Tower Bridge and Royal Exchange are also within 15 minutes.
530052,Grange City Hotel,3.54,4.1,True,Situated in the City of London; the hotel is blocks from the Tower of London and Tower Hill tube station and 700 metres from Tower Bridge. London Theatres and St. Paul's Cathedral are within 2 km (1 mi).
2301472,The Bentley London,4.23,4.3,False,Located in South Kensington; this luxury hotel is within 2 mi (3 km) of Natural History Museum; Imperial College London; and Royal Albert Hall. Harrods and Kensington Palace are also within 1 mi (2 km).
5173526,Tune Hotel Kings Cross  London,2.43,3.7,False,Tune Hotel Kings Cross places guests a 5-minute walk from  Kings Cross St. Pancras Tube Station; and 3 minutes more to the Eurostar terminal at St. Pancras International. From these hubs; guests can reach most corners of central London within 15 minutes; not to mention Paris in just over 2 hours.
26085,Danubius Hotel Regents Park,3.69,3.9,True,This modern hotel is set opposite Lord's Cricket Ground and close to Regent's Park; London Business School and London Zoo. The shops of Oxford Street are within 1.5 miles.
1118954,Courthouse Hotel,1.10,3.8,False,Located in Soho; this luxury hotel is within a 10-minute walk of London Palladium Theatre and Piccadilly Circus. Her Majesty's Theatre and Leicester Square are also within 15 minutes.
6511543,No.5 Maddox Street,1.16,4.8,False,Located in London City Centre; this luxury apartment is steps from London Palladium Theatre and Oxford Circus. Piccadilly Circus and Leicester Square are also within 15 minutes.
7192,Thistle Euston,2.49,3.8,False,Located in London City Centre; this hotel is within a 15-minute walk of KoKo London; University of London; and British Library. London Zoo and BT Tower are also within 1 mi (2 km).
6516748,Arlington House,0.90,4.4,False,Located in London City Centre; this apartment is within a 10-minute walk of Piccadilly Circus; Buckingham Palace; and The Mall. Her Majesty's Theatre and St. James Park are also within 15 minutes.
804955,Threadneedles  Autograph Collection by Marriott,3.01,4.6,False,St Paul's Cathedral; The Barbican; Shakespeare's Globe and the Tower of London are nearby; and the West End and Theatreland are 3 tube stops away. Shoreditch or Borough Market provide some of London's trendiest restaurants and bars; just a 5-minute taxi ride away.
11715,Radisson Blu Edwardian Vanderbilt Hotel,3.98,3.9,False,Occupying a row of sumptuous Victorian townhouses in Kensington; this London hotel offers an enviable location 2 blocks from the Natural History Museum and 3 blocks from the Victoria & Albert Museum.
1381705,Alhambra Hotel,2.42,3.8,False,Located in London City Centre; this hotel is within a 15-minute walk of British Library and University of London. Russell Square and The British Museum are also within 1 mi (2 km).
7733871,Malmaison London,2.40,4.2,False,Located in London City Centre; this romantic hotel is within a 10-minute walk of Old Bailey; Museum of London; and Barbican Arts Centre. St. Paul's Cathedral and London Stock Exchange are also within 15 minutes.
26612,Hilton London Kensington,6.01,3.9,False,Modern seven-floor hotel situated on a tree-lined avenue in west London; 600 metres from Holland Park and a mile from Portobello Road's famous market.
16413,The Chelsea Harbour Hotel,5.12,4.5,False,This London hotel overlooks the boats in Chelsea Harbour; within 2 kilometers of Stamford Bridge Stadium; Battersea Park; and the Earl's Court Exhibition Centre. Buckingham Palace is 4 kilometers away.
17657,Novotel London Waterloo,1.54,4.2,False,Just a step away from River Thames; Big Ben; Houses of Parliament; and minutes away from  the London Eye. For children; the Vauxhall City Farm and other family friendly activities are just minutes away.
527232,Park Grand Paddington Court,3.66,3.6,True,The hotel; made up of four Victorian townhouses; is three blocks from London's Hyde Park and one mile from Harrods; the Victoria and Albert Museum; and Madame Tussauds.
888528,London Elizabeth Hotel,3.37,3.7,True,Located in London City Centre; this hotel is within a 15-minute walk of Kensington Gardens and Hyde Park. Royal Albert Hall and Imperial College London are also within 1 mi (2 km).
1402870,Grand Royale London Hyde Park,4.05,3.5,True,Located in London City Centre; this inn is within a 10-minute walk of Diana Memorial Playground and Kensington Gardens. Royal Albert Hall and Imperial College London are also within 1 mi (2 km).
7836882,Staybridge Suites London - Vauxhall,1.90,4.6,False,Located in London City Centre; this aparthotel is within a 15-minute walk of The Oval and Imperial War Museum. Big Ben and London Dungeon are also within 1 mi (2 km).
84048,The Colonnade,4.32,3.9,True,Situated in Little Venice; an exclusive neighbourhood in London; this boutique hotel is close to Lord's Cricket Ground & Regents Park. Paddington Station is 5 minutes away; with easy access to Heathrow Airport.
1200089,ibis London City - Shoreditch,3.95,4.0,False,Located in London City Centre; this hotel is within a 15-minute walk of The Gherkin and Tower of London. London Bridge and Royal Exchange are also within 1 mi (2 km).
871432,London Marriott Hotel Park Lane,2.19,4.4,False,Located in London City Centre; this luxury hotel is within a 10-minute walk of Marble Arch and Selfridges. Harrods and Buckingham Palace are also within 1 mi (2 km).
3032413,W London Leicester Square,0.45,4.0,False,Centrally located in London; the 5-star W London Leicester Square is steps away from Theater Land; the catwalks of Brewer Street and Soho’s electric nightlife. Other nearby points of interest include Trafalgar Square and Piccadilly Circus.
5453489,Hotel Xenia  Autograph Collection,4.53,4.5,False,Located in South Kensington; this luxury hotel is within 1 mi (2 km) of Diana Memorial Playground; Imperial College London; and Royal Albert Hall. Harrods and Natural History Museum are also within 1 mi (2 km).
22478,Doubletree by Hilton London- Kensington,3.89,4.0,False,Attractive Regency-style building in upscale Kensington; less than 1 mile from London's museum district; Hyde Park; Kensington Palace; and the Royal Albert Hall.
5614,Flemings Mayfair,1.22,4.2,True,Located in London City Centre; this luxury hotel is within a 15-minute walk of Buckingham Palace; St. James Park; and Piccadilly Circus. The Mall and London Palladium Theatre are also within 15 minutes.
544087,The Rookery Hotel,2.24,4.6,True,Situated in Clerkenwell between the West End and The City; London's central business district; this boutique hotel is within 1 mi (1.5 km) of St. Paul's Cathedral; Old Bailey; and the British Museum.
1402886,Park Grand London Lancaster Gate,3.71,4.0,True,Located in London City Centre; this guesthouse is within a 15-minute walk of Diana Memorial Playground and Kensington Gardens. Royal Albert Hall and Imperial College London are also within 1 mi (2 km).
3551,The Piccadilly London West End,0.57,4.1,True,Located on Shaftesbury Avenue; where Soho meets Chinatown in London's theater district; this boutique-style hotel is 50 meters from Leicester Square and Piccadilly Circus. Just a short walk away you'll find the Piccadilly Circus and Leicester Square tube station.
26802,The Cranley,4.25,4.1,False,Located in South Kensington; this boutique hotel is within 2 mi (3 km) of Natural History Museum; Imperial College London; and Royal Albert Hall. Harrods and Kensington Palace are also within 1 mi (2 km).
26028,Park Lane Mews Hotel,1.49,3.4,False,This intimate London hotel is tucked away just off Park Lane; within a mile of exclusive Bond Street shopping; Harrods department store and Buckingham Palace.
17246,Novotel London West,6.56,4.0,False,Located in Hammersmith; this hotel is within 2 mi (3 km) of Hammersmith Apollo; Westfield London Shopping Centre; and Craven Cottage Stadium. Kensington Palace and Stamford Bridge Stadium are also within 2 mi (3 km).
5210931,La Suite West - Hyde Park,4.10,3.8,False,Located in London City Centre; this boutique hotel is within a 15-minute walk of Diana Memorial Playground; Kensington Gardens; and Kensington Palace. Royal Albert Hall and Imperial College London are also within 1 mi (2 km).
15588,Claridge's,1.51,4.6,True,A 5-star luxury hotel in London's West End; Claridge's sits 1 block from Bond Street shopping and 2 blocks from Oxford Street. Marble Arch; with Hyde Park just beyond; is a 10-minute walk away.
7864,Sloane Square Hotel,2.61,4.0,False,Located in London City Centre; this hotel is within a 5-minute walk of Sloane Square and Saatchi Gallery. Harrods and Buckingham Palace are also within 1 mi (2 km).
6490,The Gore Hotel,3.70,4.2,False,Located in South Kensington; this romantic hotel is within a 10-minute walk of Royal Albert Hall and Imperial College London. Kensington Palace and Hyde Park are also within 1 mi (2 km).
329968,Citadines South Kensington London,4.03,4.2,False,Located in South Kensington; this eco-friendly apartment is within a 10-minute walk of Royal Albert Hall and Natural History Museum. Imperial College London and Kensington Palace are also within 15 minutes.
1183289,London Marriott Hotel West India Quay,7.39,4.5,False,Modern 5* hotel located in London’s business district; Canary Wharf. Minutes away from West India Quay DLR Station and Canary Wharf Underground Station connecting the sights of London; O2 Arena & ExCel London.
3087913,The Park Grand London Paddington,3.73,3.6,True,Located in London City Centre; this guesthouse is within 1 mi (2 km) of Diana Memorial Playground; Royal Albert Hall; and Imperial College London. Kensington Gardens and Hyde Park are also within 1 mi (2 km).
900817,The Darlington Hyde Park,3.15,4.1,False,Located in London City Centre; this hotel is within 1 mi (2 km) of Diana Memorial Fountain; Selfridges; and Marble Arch. Kensington Gardens and Hyde Park are also within 1 mi (2 km).
436225,Hilton London Green Park Hotel,1.23,3.5,True,Located in London City Centre; this hotel is within a 15-minute walk of Buckingham Palace; St. James Park; and Piccadilly Circus. The Mall and London Palladium Theatre are also within 15 minutes.
5221423,Tune Hotel - Paddington,3.21,3.9,False,Tune Hotel - Paddington is a 5-minute walk from Paddington Station; which connects directly to Heathrow Airport in around 15 minutes. Hyde Park and the Serpentine Gallery are 15 minutes on foot. Guests will find many lively Middle Eastern restaurants along Edgware Road.
11518997,Intercontinental London - The O2,8.89,4.7,False,Located in Greenwich; this luxury hotel is within 3 mi (5 km) of O2 Arena; Cutty Sark; and Royal Observatory. Greenwich Park is 2.4 mi (3.8 km) away.
12332,Thistle Hyde Park,3.68,3.7,False,Located in London City Centre; this hotel is within a 15-minute walk of Kensington Gardens and Kensington Palace. Royal Albert Hall and Imperial College London are also within 1 mi (2 km).
20020,Best Western The Cromwell,4.15,3.7,False,Housed in a stately Victorian building; this London hotel is 200 metres from Gloucester Road tube station; and 500 metres from the Natural History Museum. Nearby points of interest also include Buckingham Palace and Big Ben.
1532724,Hilton London Tower Bridge,3.14,4.5,False,Perfectly located on the Southbank opposite The Shard. Stroll along the riverside to Borough Market and Butlers Wharf. 10 minutes walk to Tower of London & Tate Modern. O2 Arena; are within easy reach.
15538456,The Franklin Hotel,3.12,5.0,False,Located in South Kensington; this hotel is within a 10-minute walk of Natural History Museum and Imperial College London. Hyde Park and Buckingham Palace are also within 2 mi (3 km).
1402005,Days Inn London Hyde Park,3.23,3.8,False,This London townhouse hotel is centrally located alongside Hyde Park and is one block from Paddington station; Kensington Palace is also one block away.
10546518,Columbia Hotel,3.64,3.5,True,Located in London City Centre; this hotel is within a 15-minute walk of Kensington Gardens and Kensington Palace. Royal Albert Hall and Imperial College London are also within 1 mi (2 km).
900931,Athena,3.18,3.7,False,Located in London City Centre; this hotel is within 1 mi (2 km) of Diana Memorial Fountain; Selfridges; and Marble Arch. Kensington Gardens and Hyde Park are also within 1 mi (2 km).
533987,Kensington Gardens Hotel,4.35,4.1,True,Located in London City Centre; this hotel is within 1 mi (2 km) of Diana Memorial Playground; Royal Albert Hall; and Kensington Palace. Kensington Gardens and Portobello Road Market are also within 1 mi (2 km).
571680,Lancaster Gate Hotel,3.77,3.9,True,This London hotel is within walking distance of Hyde Park and Paddington station. Kensington Palace and the Royal Albert Hall are both 1.5 km (1 mi.) from the hotel.
3231188,Town Hall Hotel & Apartments,5.65,4.6,False,Located in North London; this luxury hotel is within 3 mi (5 km) of The Gherkin; Tower of London; and Olympic Stadium. London Bridge and St. Paul's Cathedral are also within 3 mi (5 km).
582415,Garden View Hotel,5.10,3.4,False,Victorian property overlooking a tranquil garden; located within two miles of London's V&A Museum; the Science Museum; Natural History Museum and Harrods; Earl's Court Underground is 150 metres away.
1465676,Citadines St Mark’s London,3.19,4.1,False,Located in London City Centre; this eco-friendly apartment is within 2 mi (3 km) of Barbican Arts Centre; St. Paul's Cathedral; and King's College London. Museum of London and Old Bailey are also within 1 mi (2 km).
2752030,Presidential Apartments - Kensington,4.66,4.1,False,Located in South Kensington; this apartment is within 2 mi (3 km) of Natural History Museum; Imperial College London; and Royal Albert Hall. Kensington Palace and Stamford Bridge Stadium are also within 1 mi (2 km).
14849368,Courthouse Hotel Shoreditch,3.99,4.5,False,Located in Hackney; this luxury hotel is within 2 mi (3 km) of Barbican Arts Centre; Tower of London; and London Bridge. The Gherkin and Royal Exchange are also within 1 mi (2 km).
900985,The California,2.48,3.6,False,Located in London City Centre; this hotel is within a 15-minute walk of British Library and University of London. Russell Square and The British Museum are also within 1 mi (2 km).
1886693,The Re London Shoreditch,5.30,3.9,False,Located in Hackney; this hotel is within 3 mi (5 km) of The Gherkin; Tower of London; and London Bridge. Olympic Stadium and St. Paul's Cathedral are also within 3 mi (5 km).
14632225,Batty Langley's,3.76,4.8,True,Located in London City Centre; this luxury guesthouse is within 1 mi (2 km) of Walkie Talkie; Tower of London; and London Bridge. The Gherkin and Royal Exchange are also within 1 mi (2 km).
5261444,Adria Boutique Hotel,3.85,4.8,False,This family-friendly London hotel is located in the historical district; within a 15-minute walk of Natural History Museum; Imperial College London; and Royal Albert Hall. Harrods and Kensington Palace are also within 1 mi (2 km).
888723,Georgian and Bower House Hotel,2.17,4.2,True,Located in London City Centre; this luxury guesthouse is within 2 mi (3 km) of Victoria Palace Theatre; Buckingham Palace; and Big Ben. Harrods and Sloane Square are also within 1 mi (2 km).
898660,K West Hotel & Spa,6.23,4.0,False,Rich in designer details; this London hotel is a 10-minute walk from Notting Hill and 3 blocks from Shepherd's Bush Empire music venue. The Westfield London Shopping Centre; Olympia Conference centre; and Earl’s Court Exhibition Centre are all nearby.
201127,Arbor City Hotel,4.12,3.8,False,Modern hotel adjacent to the City's Square Mile; 100 meters from the lively bars; curry houses and shops of London's Brick Lane.
1049989,The Zetter Hotel,2.37,4.3,True,Located in London City Centre; this eco-friendly hotel is within a 15-minute walk of Old Bailey; Museum of London; and London Stock Exchange. St. Paul's Cathedral and King's College London are also within 1 mi (2 km).
5387223,Union Níké Apartments,2.51,3.9,False,Union Níké Apartments is a 5-minute walk from London Bridge Tube Station and 2 blocks from Borough Market; a foodie's heaven. Guests can walk 10 minutes to Shakespeare’s Globe and 12 minutes to Tate Modern - or they can hop on the Tube at London Bridge and explore farther afield.
9577114,Mitre House Hotel,3.31,3.4,False,Located in London City Centre; this hotel is within a 15-minute walk of Kensington Gardens and Hyde Park. Selfridges and Royal Albert Hall are also within 1 mi (2 km).
1486728,Clayton Hotel Chiswick,10.61,4.2,False,Located in Chiswick; this hotel is within 2 mi (3 km) of Royal Botanic Gardens; Kew Palace; and Griffin Park Stadium. Hammersmith Apollo is 2.5 mi (4 km) away.
55005,The Abbey Court Notting Hill,4.78,4.1,False,Located in London City Centre; this hotel is within a 15-minute walk of Diana Memorial Playground and Portobello Road Market. Kensington Palace and Kensington Gardens are also within 1 mi (2 km).
10947164,The Laslett Hotel,4.76,4.6,False,Located in London City Centre; this luxury hotel is within a 15-minute walk of Diana Memorial Playground; Portobello Road Market; and Kensington Palace. Royal Albert Hall and Kensington Gardens are also within 1 mi (2 km).
7822670,Cheval Gloucester Park,4.20,4.9,False,Located in South Kensington; this luxury apartment is within 2 mi (3 km) of Natural History Museum; Imperial College London; and Royal Albert Hall. Harrods and Kensington Palace are also within 1 mi (2 km).
462335,Draycott Hotel,2.73,4.6,True,Built by Lord Cadogan in the 1890s; this London hotel occupies 3 red-brick houses tucked away on a residential street between Chelsea and Knightsbridge; Harrods is 500 meters away.
4923931,London City Suites by Montcalm,2.95,4.4,True,Located in London City Centre; this luxury apartment is within a 15-minute walk of Barbican Arts Centre; Museum of London; and Old Bailey. St. Paul's Cathedral and London Bridge are also within 1 mi (2 km).
118126,Mayflower Hotel and Apartments,4.97,3.5,False,These B&B accommodations are located throughout the area in London.
7238,Central Park Hotel,3.99,3.3,False,Superbly located hotel;3 mins walk from both Queensway and Bayswater Tube Stations with NCP parking nearby. Situated opposite London’s famous Hyde Park; the hotel is perfectly positioned for quick access.
1402865,Shaftesbury Hyde Park International,4.09,3.6,True,Located in London City Centre; this guesthouse is within a 15-minute walk of Diana Memorial Playground; Kensington Gardens; and Kensington Palace. Royal Albert Hall and Imperial College London are also within 1 mi (2 km).
888718,Eccleston Square Hotel,2.17,4.5,False,Located in London City Centre; this luxury hotel is within a 15-minute walk of Victoria Palace Theatre and Sloane Square. Buckingham Palace and Harrods are also within 1 mi (2 km).
8763846,Studios 2 Let North Gower,2.27,3.7,True,Located in London City Centre; this apartment is within a 15-minute walk of University of London; BT Tower; and British Library. Royal Academy of Music and Russell Square are also within 1 mi (2 km).
889177,The Harrington,4.13,3.9,False,Located in South Kensington; this apartment is within a 15-minute walk of Natural History Museum and Imperial College London. Royal Albert Hall and Harrods are also within 1 mi (2 km).
899176,41,1.51,4.9,True,Located in London City Centre; this luxury hotel is within a 10-minute walk of Victoria Palace Theatre and Buckingham Palace. St. James Park and The Mall are also within 15 minutes.
1709292,The Cleveland,3.90,4.1,False,Located in London City Centre; this hotel is within a 15-minute walk of Diana Memorial Playground and Kensington Gardens. Royal Albert Hall and Kensington Palace are also within 1 mi (2 km).
914141,My Place Hotel,4.88,3.1,True,Located in London City Centre; this hotel is within 2 mi (3 km) of Natural History Museum; Royal Albert Hall; and Imperial College London. Kensington Palace and Stamford Bridge Stadium are also within 1 mi (2 km).
1160321,Novotel London Greenwich,8.58,4.3,False,Located in Greenwich; this hotel is within 2 mi (3 km) of Cutty Sark; Royal Observatory; and Greenwich Park. O2 Arena is 2.3 mi (3.6 km) away.
2379978,11 Cadogan Gardens,2.69,4.0,False,Located in London City Centre; this luxury hotel is within a 5-minute walk of Sloane Square and Saatchi Gallery. Harrods and Imperial College London are also within 1 mi (2 km).
14264,ibis London Earls Court,5.53,3.7,False,Located in London City Centre; this hotel is within 2 mi (3 km) of Stamford Bridge Stadium; Imperial College London; and Royal Albert Hall. Hammersmith Apollo and Natural History Museum are also within 2 mi (3 km).
9103555,Tower Bridge London Apartments,3.51,3.5,False,Located in London City Centre; this apartment is within a 10-minute walk of London City Hall; Tower Bridge; and HMS Belfast. Tower of London and London Bridge are also within 1 mi (2 km).
55000,The Exhibitionist Hotel,3.72,3.9,True,Located in South Kensington; this luxury hotel is within a 10-minute walk of Natural History Museum and Imperial College London. Royal Albert Hall and Harrods are also within 1 mi (2 km).
1793825,Cheval Harrington Court,3.63,4.8,False,Located in South Kensington; this apartment is within a 10-minute walk of Natural History Museum and Imperial College London. Royal Albert Hall and Harrods are also within 15 minutes.
1818938,Sanctum International Serviced Apartments,5.42,4.4,False,Located in Camden; this luxury apartment is within 3 mi (5 km) of Lord's Cricket Ground; London Zoo; and Selfridges. Royal Albert Hall and Imperial College London are also within 3 mi (5 km).
5376454,The Kensington Studios,5.71,4.0,False,Located in London City Centre; this apartment is within 2 mi (3 km) of Westfield London Shopping Centre; Royal Albert Hall; and Imperial College London. Hammersmith Apollo and Kensington Palace are also within 1 mi (2 km).
9683512,London King's Hotel,3.12,3.8,False,Located in London City Centre; this hotel is within a 15-minute walk of Marble Arch and Madame Tussaud's Wax Museum. Selfridges and Royal Academy of Music are also within 1 mi (2 km).
984512,The Mad Hatter Hotel,1.58,4.2,False,This hotel is 200 meters from Blackfriars Bridge; 500 meters from the Tate Modern; and 900 meters from the Royal National Theatre. The Royal Festival Hall is 1.1 km away. Waterloo; Southwark; and London Bridge tube stations and Borough Market are nearby.
16363485,The Hospital Club,0.84,4.0,True,Located in Soho; this luxury hotel is within a 10-minute walk of Royal Opera House; King's College London; and Covent Garden. The British Museum and London Coliseum are also within 10 minutes.
11006,Phoenix Hotel,4.32,3.8,False,The Phoenix Hotel is near the metro station; in the heart of Bayswater and 1 mile from Hyde Park. Kensington is within a 20-minute walk; Knightsbridge is just over a mile away.
1223192,Crestfield Hotel,2.49,3.5,False,Located in London City Centre; this hotel is within 1 mi (2 km) of KoKo London; British Library; and University of London. Russell Square and The British Museum are also within 1 mi (2 km).
387893,Henley House Hotel,4.72,3.9,False,Located in South Kensington; this hotel is within 2 mi (3 km) of Natural History Museum; Imperial College London; and Royal Albert Hall. Kensington Palace and Stamford Bridge Stadium are also within 1 mi (2 km).
64071,Prince William Hotel,3.58,3.5,False,This London hotel is housed in an 18th-century listed townhouse; Paddington station is 300 metres away and Hyde Park is within 450 metres.
2541981,Wardonia,2.38,3.4,False,Located in London City Centre; this hotel is within a 15-minute walk of British Library and University of London. Russell Square and The British Museum are also within 1 mi (2 km).
900646,Rose Park Hotel,3.33,3.0,False,Located in London City Centre; this hotel is within 1 mi (2 km) of Diana Memorial Fountain; Selfridges; and Royal Albert Hall. Imperial College London and Kensington Gardens are also within 1 mi (2 km).
13576455,The Royale Chulan Hyde Park,4.48,3.4,False,Located in London City Centre; this hotel is within 1 mi (2 km) of Diana Memorial Playground; Portobello Road Market; and Kensington Palace. Royal Albert Hall and Imperial College London are also within 2 mi (3 km).
41852,City Continental Kensington London,4.89,3.4,False,This recently renovated hotel is 100 meters from Earls Court Exhibition Center and Underground station; with easy access to all major attractions; and 2 miles from the West End.
888338,MStay Hyde Park Hotel,4.20,3.6,False,Located in London City Centre; this bed & breakfast is within a 15-minute walk of Diana Memorial Playground; Kensington Gardens; and Kensington Palace. Royal Albert Hall and Portobello Road Market are also within 1 mi (2 km).
4482313,Coronation Hotel,5.05,3.1,True,Located in London City Centre; this hotel is within 2 mi (3 km) of Natural History Museum; Imperial College London; and Royal Albert Hall. Harrods and Kensington Palace are also within 2 mi (3 km).
1890700,Hyde Park Executive Apartments,4.05,3.1,True,Located in London City Centre; this apartment is within a 10-minute walk of Diana Memorial Playground and Kensington Gardens. Royal Albert Hall and Imperial College London are also within 1 mi (2 km).
388182,Amsterdam Hotel London,4.90,3.9,False,Located in London City Centre; this hotel is within 2 mi (3 km) of Natural History Museum; Imperial College London; and Royal Albert Hall. Harrods and Kensington Palace are also within 2 mi (3 km).
12569241,The Captain Cook Hotel,6.39,4.9,False,Located in Fulham; this inn is within 2 mi (3 km) of Craven Cottage Stadium; Stamford Bridge Stadium; and Hammersmith Apollo. Imperial College London and Royal Albert Hall are also within 3 mi (5 km).
11042,Holiday Villa Hotel And Suites,3.95,3.1,False,Located in London City Centre; this hotel is within a 15-minute walk of Diana Memorial Playground and Kensington Gardens. Royal Albert Hall and Kensington Palace are also within 1 mi (2 km).
115931,Hanover Hotel Victoria,2.17,3.1,False,Located in London City Centre; this hotel is within 2 mi (3 km) of Victoria Palace Theatre; Buckingham Palace; and Big Ben. Harrods and Sloane Square are also within 1 mi (2 km).
888503,Maranton House Hotel,4.67,3.3,False,Located on a leafy side street opposite London's Earls Court Exhibition Centre; the B&B is 500 meters (0.3 mi) from Kensington Gardens and 1.5 kilometers (0.9 mi) from the Victoria & Albert Museum.
8438852,St Paul Hotel,6.48,4.6,False,Located in Hammersmith; this hotel is within 2 mi (3 km) of Hammersmith Apollo; Westfield London Shopping Centre; and Craven Cottage Stadium. Kensington Palace and Stamford Bridge Stadium are also within 2 mi (3 km).
8765476,Motel One London-Tower Hill,3.66,4.3,True,Located in London City Centre; this hotel is within a 10-minute walk of Tower of London and The Gherkin. Tower Bridge and Royal Exchange are also within 15 minutes.
909423,Queensway Hotel,3.21,3.2,False,Located in London City Centre; this hotel is within a 15-minute walk of Hyde Park and Kensington Gardens. Selfridges and Royal Albert Hall are also within 1 mi (2 km).
888435,The Fairway Hotel,2.44,3.4,True,Located in London City Centre; this hotel is within a 15-minute walk of British Library and University of London. Russell Square and The British Museum are also within 1 mi (2 km).
77423,London Town Hotel,4.91,3.5,True,Located in London City Centre; this hotel is within 2 mi (3 km) of Natural History Museum; Imperial College London; and Royal Albert Hall. Kensington Palace and Stamford Bridge Stadium are also within 1 mi (2 km).
21632,Best Western Plus Delmere Hotel,3.21,4.0,False,Located in London City Centre; this hotel is within 1 mi (2 km) of Diana Memorial Fountain; Selfridges; and Kensington Gardens. Hyde Park and Marble Arch are also within 1 mi (2 km).
11899781,Park Avenue Belgravia,2.18,3.7,False,Located in London City Centre; this hotel is within a 10-minute walk of Sloane Square and Victoria Palace Theatre. Buckingham Palace and Harrods are also within 1 mi (2 km).
1381443,Elysee Hotel,3.54,3.4,False,Located in London City Centre; this hotel is within a 15-minute walk of Kensington Gardens and Hyde Park. Royal Albert Hall and Imperial College London are also within 1 mi (2 km).
14898060,88 Studios Kensington,5.72,4.1,False,Located in London City Centre; this apartment is within 2 mi (3 km) of Westfield London Shopping Centre; Royal Albert Hall; and Imperial College London. Kensington Palace and Hammersmith Apollo are also within 1 mi (2 km).
22702,Park Grand London Kensington,4.71,3.9,True,Located in west London's prestigious Kensington district; this modern guesthouse is less than 50 meters from Earl's Court Underground Station; with direct connections to the West End and Heathrow.
5398121,ibis London Shepherds Bush – Hammersmith,6.42,4.2,False,Located in Hammersmith and Fulham; this hotel is within 2 mi (3 km) of Westfield London Shopping Centre; Hammersmith Apollo; and Portobello Road Market. Royal Albert Hall and Imperial College London are also within 3 mi (5 km).
78980,Tophams Hotel,1.90,3.0,False,Located in London City Centre; this hotel is within a 15-minute walk of Victoria Palace Theatre; Buckingham Palace; and Sloane Square. Harrods and Big Ben are also within 1 mi (2 km).
6470359,W12 Rooms,6.33,4.1,True,Located in Hammersmith and Fulham; this guesthouse is within 2 mi (3 km) of Westfield London Shopping Centre; Hammersmith Apollo; and Portobello Road Market. Royal Albert Hall and Imperial College London are also within 3 mi (5 km).
6395,Travelodge London Kings Cross Royal Scot Hotel,2.47,3.3,True,Located in London City Centre; this hotel is within 2 mi (3 km) of British Library; St. Paul's Cathedral; and King's College London. University of London and Russell Square are also within 1 mi (2 km).
64749,Rushmore Hotel,4.91,3.6,False,Located in London City Centre; this hotel is within 2 mi (3 km) of Natural History Museum; Royal Albert Hall; and Imperial College London. Harrods and Kensington Palace are also within 2 mi (3 km).
10086259,Victoria One,1.77,4.2,False,Located in London City Centre; this apartment is within a 15-minute walk of Victoria Palace Theatre and Tate Britain. Buckingham Palace and Big Ben are also within 1 mi (2 km).
20124,Sydney House Chelsea,3.54,4.4,True,Located in South Kensington; this luxury inn is within a 15-minute walk of Natural History Museum; Imperial College London; and Saatchi Gallery. Harrods and Royal Albert Hall are also within 1 mi (2 km).
23016,47 Park Street - Grand Residences by Marriott,1.91,4.7,False,Located in London City Centre; this aparthotel is within a 10-minute walk of Grosvenor Square; Marble Arch; and Selfridges. Hyde Park and Buckingham Palace are also within 1 mi (2 km).
24388,San Domenico House,2.93,4.5,True,Located in London City Centre; this luxury hotel is within a 5-minute walk of Sloane Square and Saatchi Gallery. Harrods and Imperial College London are also within 1 mi (2 km).
3296165,Pestana Chelsea Bridge Hotel & Spa,3.25,4.4,False,Located in Battersea; this spa hotel is within 2 mi (3 km) of Battersea Park; Harrods; and Buckingham Palace. Sloane Square and Saatchi Gallery are also within 1 mi (2 km).
2543847,Sanctum Soho Hotel,0.88,3.9,False,Located in Soho; this luxury hotel is within a 5-minute walk of Piccadilly Circus and London Palladium Theatre. Leicester Square and Her Majesty's Theatre are also within 10 minutes.
11742576,SACO Covent Garden - St Martin's,0.57,4.7,False,Located in Soho; this apartment is within a 5-minute walk of London Coliseum; Royal Opera House; and Covent Garden. Leicester Square and St. Martin-in-the-Fields are also within 10 minutes.
888759,Jesmond Dene,2.41,3.7,False,Located in London City Centre; this hotel is within a 15-minute walk of British Library and University of London. Russell Square and The British Museum are also within 1 mi (2 km).
3005785,The Arch London,2.43,4.8,False,This family-friendly London hotel is located in a shopping district; within a 10-minute walk of Marble Arch and Selfridges. Madame Tussaud's Wax Museum and Royal Academy of Music are also within 1 mi (2 km).
5040269,Tune Hotel - Westminster  London,1.41,3.5,False,Tune Hotel - Westminster; London is just a 12-minute walk from Big Ben and the London Eye. Guests can explore London via Lambeth North Tube Station; right outside the hotel; and Waterloo Train Station is a 5-minute stroll away. Guests can reach buzzy Piccadilly and Oxford Circus in just a few stops.
1381713,Melbourne House,2.06,3.9,False,Located in London City Centre; this bed & breakfast is within a 15-minute walk of Victoria Palace Theatre and Tate Britain. Buckingham Palace and Big Ben are also within 1 mi (2 km).
922082,Westpoint Hotel,3.27,3.1,False,Located in London City Centre; this hotel is within a 15-minute walk of Hyde Park and Kensington Gardens. Selfridges and Royal Albert Hall are also within 1 mi (2 km).
1100365,Troy,3.99,3.6,False,Located in London City Centre; this hotel is within a 10-minute walk of Diana Memorial Playground and Kensington Gardens. Royal Albert Hall and Imperial College London are also within 1 mi (2 km).
5040114,Tune Hotel Liverpool Street  London,3.77,3.8,False,Tune Hotel Liverpool Street; London offers guests easy access to Old Spitalfields Market; a 3-minute walk away. It's also 5 minutes on foot from nightlife in trendy Shoreditch. Nearby Liverpool Street Tube Station provides quick links to St. Paul’s Cathedral and top brands on Oxford Street.
565604,The Bloomsbury Hotel,1.10,4.5,False,Located in London City Centre; this romantic hotel is within a 10-minute walk of The British Museum; Russell Square; and Royal Opera House. University of London and Covent Garden are also within 15 minutes.
6882056,Central Hotel,2.43,3.4,False,Located in London City Centre; this hotel is within a 15-minute walk of British Library and University of London. Russell Square and The British Museum are also within 1 mi (2 km).
518680,COMO The Halkin,1.85,4.8,False,Located in London City Centre; this luxury hotel is within a 15-minute walk of Buckingham Palace; Harrods; and Victoria Palace Theatre. Selfridges and Sloane Square are also within 1 mi (2 km).
888606,Montana Hotel London,4.03,3.9,False,Located in South Kensington; this hotel is within a 15-minute walk of Natural History Museum; Royal Albert Hall; and Imperial College London. Harrods and Kensington Palace are also within 1 mi (2 km).
10186970,Belgrave House Hotel,1.97,3.1,False,Located in London City Centre; this hotel is within 2 mi (3 km) of Victoria Palace Theatre; Buckingham Palace; and Big Ben. Harrods and Tate Britain are also within 1 mi (2 km).
788906,Best Western The Boltons,4.92,3.9,False,Located in London City Centre; this eco-friendly bed & breakfast is within 2 mi (3 km) of Natural History Museum; Imperial College London; and Royal Albert Hall. Stamford Bridge Stadium and Kensington Palace are also within 1 mi (2 km).
7422259,Cheval Phoenix House,2.56,4.8,False,Located in London City Centre; this luxury apartment is within a 5-minute walk of Sloane Square and Saatchi Gallery. Harrods and Imperial College London are also within 1 mi (2 km).
6706032,Qbic Hotel London City,4.29,4.5,False,Located in North London; this hotel is within 1 mi (2 km) of Walkie Talkie; Tower of London; and London Bridge. The Gherkin and Tower Bridge are also within 1 mi (2 km).
14920177,The Tudor Inn Hotel,2.04,3.6,False,Located in London City Centre; this hotel is within 2 mi (3 km) of Victoria Palace Theatre; Buckingham Palace; and Big Ben. Sloane Square and Tate Britain are also within 1 mi (2 km).
7499818,Landmark Apartments,3.77,3.8,False,Located in London City Centre; this apartment is within 1 mi (2 km) of Walkie Talkie; Barbican Arts Centre; and The Gherkin. Royal Exchange and Museum of London are also within 1 mi (2 km).
16706355,Mimi's Hotel Soho,0.78,4.0,True,Located in Soho; this hotel is within a 10-minute walk of Leicester Square; Piccadilly Circus; and London Coliseum. St. Martin-in-the-Fields and Her Majesty's Theatre are also within 10 minutes.
14657359,Princes Square Apartments,4.42,2.6,False,Located in London City Centre; this apartment is within a 15-minute walk of Diana Memorial Playground and Kensington Palace. Royal Albert Hall and Kensington Gardens are also within 1 mi (2 km).
486279,Gainsborough Hotel,3.72,3.1,True,This country house style Inn; set in the Kensington area of London; is 200 meters from the Natural History Museum and 400 meters from the Victoria and Albert Museum.
460439,Arbor Hyde Park,3.67,4.6,False,The 19th–Century town house has been converted to a 3.5-star boutique hotel which overlooks Hyde Park. It is a 5-minute walk from Lancaster Gate Tube Station and just 2 Tube stops from Oxford Circus shops.
3790932,Simply Rooms & Suites,5.68,3.7,False,Located in London City Centre; this guesthouse is within 2 mi (3 km) of Hammersmith Apollo; Royal Albert Hall; and Kensington Palace. Stamford Bridge Stadium and Westfield London Shopping Centre are also within 2 mi (3 km).
6413161,St. George's Pimlico,2.24,3.3,True,Located in London City Centre; this hotel is within a 15-minute walk of Victoria Palace Theatre and Tate Britain. Buckingham Palace and Big Ben are also within 1 mi (2 km).
462323,Days Hotel Waterloo,1.62,3.7,False,Located in London City Centre; this hotel is within a 15-minute walk of Imperial War Museum; London Eye; and London Dungeon. Big Ben and Sea Life London Aquarium are also within 1 mi (2 km).
16286,ibis London Euston Station - St Pancras International,2.30,3.9,False,Located in London City Centre; this hotel is within a 10-minute walk of University College Hospital and British Library. BT Tower is 0.6 mi (1 km) away.
6882009,B+B Belgravia,2.07,3.9,True,Located in London City Centre; this bed & breakfast is within a 15-minute walk of Victoria Palace Theatre; Sloane Square; and Saatchi Gallery. Buckingham Palace and Harrods are also within 1 mi (2 km).
23515,Baglioni Hotel London,3.97,4.4,False,This family-friendly London hotel is located in the historical district; within a 10-minute walk of Kensington Palace and Royal Albert Hall. Imperial College London and Kensington Gardens are also within 15 minutes.
11711447,The One Tun Pub and Rooms,2.02,4.8,True,Located in London City Centre; this inn is within a 10-minute walk of Old Bailey and London Stock Exchange. St. Paul's Cathedral and Museum of London are also within 15 minutes.
1050189,Comfort Inn Buckingham Palace,2.15,3.6,False,Located in London City Centre; this bed & breakfast is within a 15-minute walk of Victoria Palace Theatre and Sloane Square. Buckingham Palace and Harrods are also within 1 mi (2 km).
922152,The Chamberlain Hotel,3.65,4.4,False,Located in the city centre; this London hotel is a 5-minute walk from the Tower Bridge and the Tower of London. St. Paul's Cathedral is 1.6 km (1 mi) away. Several tube stations are within a short walk.
535525,London Lodge Hotel,4.84,4.0,False,This family-friendly London hotel is located in the historical district; within 1 mi (2 km) of Holland Park; Natural History Museum; and Kensington Palace. Hyde Park is 1.6 mi (2.6 km) away.
984511,The Sanctuary House Hotel,0.92,4.3,True,Located in London City Centre; this hotel is within a 10-minute walk of Westminster Abbey; Big Ben; and Houses of Parliament. Parliament Square and St. James Park are also within 10 minutes.
447036,Citadines Barbican London,2.65,4.0,False,Located in the historic "Square Mile" of central London; this business district aparthotel is near Smithfield; and St. Paul's Cathedral; with London City Airport 6.5 miles away.
483179,Mercure London Bridge,2.00,4.1,False,Located in London City Centre; this hotel is within a 10-minute walk of Tate Modern; Globe Theatre; and Borough Market. London Bridge and Royal National Theatre are also within 15 minutes.
2143095,TheWesley,2.21,3.9,False,Located in the center of London; this family-friendly guesthouse is within a 10-minute walk of University of London and British Library. BT Tower and Russell Square are also within 1 mi (2 km).
20786,Best Western Mornington Hotel London Hyde Park,3.53,3.9,False,Located one street back from Hyde Park; two minutes away from Lancaster Gate Tube station that offers fast access to Oxford Street and city of London; moments away from Paddington Station.
3189581,H10 London Waterloo,1.77,4.3,True,Located in London City Centre; this spa hotel is within a 10-minute walk of London South Bank University and Imperial War Museum. Royal National Theatre and Southbank Centre are also within 15 minutes.
65802,Millennium & Copthorne Hotels at Chelsea Football Club,5.20,4.1,False,Millennium & Copthorne Hotels are located in the capital’s trendy West End at Stamford Bridge; the home of Chelsea Football club; and just 400 metres from Fulham Broadway Tube station.
26035,Hilton London Olympia,5.57,3.7,False,This modern; vibrant London hotel is located a 2-minute walk from Olympia Exhibition Centre; on High Street Kensington and offers easy access to the shops and restaurants of Kensington; Knightsbridge and Notting Hill.
2537960,Kings Cross Inn Hotel,2.58,3.1,False,Located in London City Centre; this hotel is within 1 mi (2 km) of KoKo London; British Library; and University of London. Russell Square and The British Museum are also within 1 mi (2 km).
47639,My Chelsea,3.32,3.8,False,Located in South Kensington; this boutique hotel is within a 15-minute walk of Natural History Museum; Imperial College London; and Harrods. Saatchi Gallery and Sloane Square are also within 15 minutes.
7857542,Sunborn London,10.55,4.5,False,Located in Canary Wharf; this spa hotel is 0.2 mi (0.4 km) from Excel Exhibition Centre and 2.2 mi (3.6 km) from Boleyn Ground Stadium. O2 Arena and Olympic Stadium are also within 6 mi (10 km).
525494,Covent Garden Hotel,0.77,4.8,True,Located in Soho; this luxury hotel is within a 10-minute walk of Royal Opera House; London Coliseum; and Covent Garden. The British Museum and Leicester Square are also within 10 minutes.
2457204,Astors Hotel,2.20,3.6,False,Located in London City Centre; this guesthouse is within a 15-minute walk of Sloane Square; Victoria Palace Theatre; and Saatchi Gallery. Buckingham Palace and Harrods are also within 1 mi (2 km).
4506301,MStay 27 Paddington Hotel,3.57,3.4,False,Located in London City Centre; this bed & breakfast is within a 15-minute walk of Whiteleys Shopping Centre; Kensington Gardens; and Hyde Park. Royal Albert Hall and Portobello Road Market are also within 2 mi (3 km).
8364,Kensington West Hotel,5.62,3.3,False,Located in London City Centre; this hotel is within 2 mi (3 km) of Hammersmith Apollo; Royal Albert Hall; and Imperial College London. Stamford Bridge Stadium and Kensington Palace are also within 2 mi (3 km).
7756241,The Angus Hotel,2.38,3.6,False,Located in London City Centre; this hotel is within a 15-minute walk of British Library and University of London. Russell Square and The British Museum are also within 1 mi (2 km).
64060,ibis Styles London Kensington,4.70,3.4,False,Located in South Kensington; this hotel is within 2 mi (3 km) of Natural History Museum; Imperial College London; and Royal Albert Hall. Harrods and Kensington Palace are also within 2 mi (3 km).
922080,Abbey Court  Hyde Park Hotels,3.28,2.9,False,Located in London City Centre; this hotel is within a 15-minute walk of Hyde Park and Kensington Gardens. Selfridges and Royal Albert Hall are also within 1 mi (2 km).
8398593,Princess Hotel,2.38,3.6,False,Located in London City Centre; this hotel is within a 15-minute walk of British Library and University of London. Russell Square and The British Museum are also within 1 mi (2 km).
11266201,Artist Residence London,2.22,4.9,False,Located in London City Centre; this boutique hotel is within a 15-minute walk of Victoria Palace Theatre and Sloane Square. Buckingham Palace and Big Ben are also within 1 mi (2 km).
664058,Number Sixteen,3.69,4.6,True,Located in South Kensington; this boutique hotel is within a 10-minute walk of Natural History Museum; Victoria and Albert Museum; and Imperial College London. Royal Albert Hall and Harrods are also within 1 mi (2 km).
1381664,Lidos,2.02,3.8,False,Located in London City Centre; this guesthouse is within a 15-minute walk of Victoria Palace Theatre and Tate Britain. Buckingham Palace and Big Ben are also within 1 mi (2 km).
888783,Blades Hotel,2.08,3.7,True,Located in London City Centre; this hotel is within a 15-minute walk of Tate Britain and Victoria Palace Theatre. Big Ben and Buckingham Palace are also within 1 mi (2 km).
1466952,Sheriff Hotel,2.21,3.5,False,Located in London City Centre; this bed & breakfast is within a 15-minute walk of Victoria Palace Theatre and Sloane Square. Buckingham Palace and Big Ben are also within 1 mi (2 km).
1050347,ibis London Excel Docklands,10.39,4.0,False,Located in Canary Wharf; this hotel is 0.2 mi (0.4 km) from Excel Exhibition Centre and 2.3 mi (3.7 km) from Boleyn Ground Stadium. O2 Arena and Olympic Stadium are also within 6 mi (10 km).
1381401,Euro Hotel,2.10,4.0,True,Located in London City Centre; this guesthouse is within a 10-minute walk of British Library and University of London. Russell Square and The British Museum are also within 15 minutes.
891402,Lord Jim Hotel,4.93,3.1,False,Located in London City Centre; this hotel is within 2 mi (3 km) of Natural History Museum; Imperial College London; and Royal Albert Hall. Stamford Bridge Stadium and Kensington Palace are also within 1 mi (2 km).
13471478,SACO The Cannon,2.42,4.7,False,Located in London City Centre; this apartment is within a 10-minute walk of St. Paul's Cathedral; Royal Exchange; and London Stock Exchange. London Bridge and Museum of London are also within 15 minutes.
901179,The Shaftesbury Premier London Paddington,3.59,3.4,True,This seven-storey comfortable hotel is situated in West central London; 200 metres from Paddington station and one kilometre from Hyde Park.
3474827,Aspen Apartments,3.27,3.2,False,Located in London City Centre; this aparthotel is within a 15-minute walk of Kensington Gardens and Hyde Park. Selfridges and Royal Albert Hall are also within 1 mi (2 km).
2987607,Trebovir Hotel,4.94,3.1,False,Located in London City Centre; this hotel is within 2 mi (3 km) of Natural History Museum; Imperial College London; and Royal Albert Hall. Kensington Palace and Stamford Bridge Stadium are also within 1 mi (2 km).
10964674,Accommodation London Bridge,2.85,4.1,True,Located in London City Centre; this hotel is within a 15-minute walk of The Shard and Borough Market. London Bridge and HMS Belfast are also within 1 mi (2 km).
1460636,Four Stars Hotel,3.04,2.4,True,Located in London City Centre; this hotel is within 1 mi (2 km) of London Business School; Selfridges; and Marble Arch. Madame Tussaud's Wax Museum and Royal Academy of Music are also within 1 mi (2 km).
13086870,Park Lane City Apartments,3.66,4.0,False,Located in London City Centre; this apartment is within a 15-minute walk of The Gherkin; Tower of London; and Royal Exchange. London Bridge and Barbican Arts Centre are also within 1 mi (2 km).
11570143,Shoreditch Inn,4.14,3.6,False,Located in Hackney; this hotel is within 2 mi (3 km) of The Gherkin; Tower of London; and London Bridge. Barbican Arts Centre and Royal Exchange are also within 1 mi (2 km).
888491,Hotel Oliver,4.80,3.7,True,Located in South Kensington; this hotel is within 2 mi (3 km) of Natural History Museum; Imperial College London; and Royal Albert Hall. Harrods and Kensington Palace are also within 2 mi (3 km).
